{
  "success": true,
  "target_class": "apple",
  "reference_frame": "torso_link4",
  "center_reference": [
    0.411832843,
    0.048313534,
    -0.331692959
  ],
  "median_reference": [
    0.408312451,
    0.047994116,
    -0.322100644
  ],
  "center_world": [
    0.563196049,
    0.19527098,
    0.808079233
  ],
  "median_world": [
    0.559719777,
    0.1949519,
    0.817510886
  ],
  "center_camera_cv": [
    -0.098313533,
    0.021273588,
    0.938698069
  ],
  "bbox_xyxy": [
    270.3055114746094,
    231.31329345703125,
    296.8036193847656,
    261.8085632324219
  ]
}