{
  "success": true,
  "target_class": "apple",
  "reference_frame": "torso_link4",
  "center_reference": [
    0.36135469,
    0.094356363,
    -0.332552902
  ],
  "median_reference": [
    0.359361393,
    0.093895298,
    -0.321950522
  ],
  "center_world": [
    0.564201219,
    0.192701574,
    0.807525663
  ],
  "median_world": [
    0.562282651,
    0.192241747,
    0.818085254
  ],
  "center_camera_cv": [
    -0.144356364,
    0.069676439,
    0.924347196
  ],
  "bbox_xyxy": [
    251.67715454101562,
    249.11680603027344,
    278.8702087402344,
    278.90106201171875
  ]
}