{
  "success": true,
  "target_class": "apple",
  "reference_frame": "torso_link4",
  "center_reference": [
    0.171105326,
    -0.176037647,
    -0.330160639
  ],
  "median_reference": [
    0.170305802,
    -0.174839566,
    -0.324075572
  ],
  "center_world": [
    0.572968846,
    0.204441868,
    0.81107208
  ],
  "median_world": [
    0.572206095,
    0.205634328,
    0.817266757
  ],
  "center_camera_cv": [
    0.126037646,
    0.250411017,
    0.864886659
  ],
  "bbox_xyxy": [
    352.79022216796875,
    322.7190246582031,
    387.165771484375,
    355.7195739746094
  ]
}