{
  "success": true,
  "target_class": "apple",
  "reference_frame": "torso_link4",
  "center_reference": [
    0.461776561,
    0.097616434,
    -0.333815746
  ],
  "median_reference": [
    0.458876686,
    0.096709817,
    -0.322485548
  ],
  "center_world": [
    0.561774053,
    0.193524345,
    0.805653396
  ],
  "median_world": [
    0.558989488,
    0.192620641,
    0.816905372
  ],
  "center_camera_cv": [
    -0.147616434,
    -0.025723085,
    0.955733148
  ],
  "bbox_xyxy": [
    252.93618774414062,
    214.0572052001953,
    279.4668273925781,
    245.10475158691406
  ]
}