{
  "_meta": {
    "reference_scene": "/home/mlx/mujoco/YOLO_World-SAM-GraspNet/manipulator_grasp/assets/scenes/apple_pear_runtime_refined111.xml"
  },
  "left": {
    "scene_camera_name": "cam1",
    "raw_euler_xyz_deg": [
      -17.08,
      -40.16,
      96.59
    ],
    "reference_quat_wxyz": [
      0.65986,
      0.672787,
      0.238867,
      0.234277
    ],
    "reference_rotation_matrix": [
      [
        0.776113849120331,
        0.01223317336868135,
        0.6304741411612025
      ],
      [
        0.6305928109353583,
        -0.01505538591812966,
        -0.7759678099969739
      ],
      [
        -5.172416258081292e-07,
        0.9998118247071236,
        -0.019398844696127904
      ]
    ],
    "fixed_rotation_matrix": [
      [
        -0.21929873047955326,
        0.18282497250045143,
        0.9583752377019479
      ],
      [
        0.1308173416915654,
        0.978926462886711,
        -0.15681136238444313
      ],
      [
        -0.9668479145774729,
        0.0909835682435133,
        -0.23859400744123777
      ]
    ],
    "fixed_quat_wxyz": [
      0.6166509800863693,
      0.10045995977872677,
      0.7805157270688884,
      -0.02108471099875732
    ],
    "refinement_euler_xyz_deg": [
      0.0,
      0.0,
      0.0
    ]
  },
  "right": {
    "scene_camera_name": "cam2",
    "raw_euler_xyz_deg": [
      -97.480497,
      -1.078239,
      -0.070489
    ],
    "reference_quat_wxyz": [
      0.487356,
      0.512332,
      0.512332,
      0.487356
    ],
    "reference_rotation_matrix": [
      [
        0.0,
        0.04993642007350968,
        0.998752398720645
      ],
      [
        1.0,
        0.0,
        0.0
      ],
      [
        0.0,
        0.998752398720645,
        -0.04993642007350965
      ]
    ],
    "fixed_rotation_matrix": [
      [
        0.004588760252860738,
        0.9837461919269913,
        -0.17950591396520876
      ],
      [
        0.9998221745779803,
        -0.0012300469846014128,
        0.018817709918426406
      ],
      [
        0.018291049764847727,
        -0.17956034320962627,
        -0.9835769012359639
      ]
    ],
    "fixed_quat_wxyz": [
      -0.07032391490861309,
      0.7052296981256224,
      0.7031639378549112,
      -0.05714977142512647
    ],
    "refinement_euler_xyz_deg": [
      0.0,
      0.0,
      0.0
    ]
  }
}
