{
  "world_axes": {
    "world_frame_source": "mujoco_sim_camera"
  },
  "camera_poses": {
    "left": {
      "translation_mj": [
        1.18885,
        -0.874942,
        0.269345
      ],
      "quat_wxyz": [
        0.6598597613330566,
        0.6727867566574472,
        0.23886691360340562,
        0.2342769152635779
      ],
      "rotation_matrix_mj_from_cam": [
        [
          0.776113849120331,
          -0.01223317336868135,
          -0.6304741411612025
        ],
        [
          0.6305928109353583,
          0.015055385918129605,
          0.7759678099969739
        ],
        [
          -5.172416258081292e-07,
          -0.9998118247071236,
          0.01939884469612796
        ]
      ],
      "rotation_matrix_world_from_cam": [
        [
          0.776113849120331,
          -0.01223317336868135,
          -0.6304741411612025
        ],
        [
          0.6305928109353583,
          0.015055385918129605,
          0.7759678099969739
        ],
        [
          -5.172416258081292e-07,
          -0.9998118247071236,
          0.01939884469612796
        ]
      ],
      "intrinsics": {
        "fx": 772.5483399593904,
        "fy": 772.5483399593904,
        "cx": 320.0,
        "cy": 320.0,
        "width": 640,
        "height": 640
      },
      "fovy_deg": 45.0,
      "camera_model": "mujoco_opengl_converted_to_cv_pinhole"
    },
    "right": {
      "translation_mj": [
        2.22608,
        -0.10649,
        0.403204
      ],
      "quat_wxyz": [
        0.4873560248746522,
        0.5123320261494273,
        0.5123320261494273,
        0.4873560248746522
      ],
      "rotation_matrix_mj_from_cam": [
        [
          -2.7755575615628914e-17,
          -0.04993642007350968,
          -0.998752398720645
        ],
        [
          1.0,
          0.0,
          0.0
        ],
        [
          0.0,
          -0.998752398720645,
          0.04993642007350965
        ]
      ],
      "rotation_matrix_world_from_cam": [
        [
          -2.7755575615628914e-17,
          -0.04993642007350968,
          -0.998752398720645
        ],
        [
          1.0,
          0.0,
          0.0
        ],
        [
          0.0,
          -0.998752398720645,
          0.04993642007350965
        ]
      ],
      "intrinsics": {
        "fx": 772.5483399593904,
        "fy": 772.5483399593904,
        "cx": 320.0,
        "cy": 320.0,
        "width": 640,
        "height": 640
      },
      "fovy_deg": 45.0,
      "camera_model": "mujoco_opengl_converted_to_cv_pinhole"
    }
  },
  "robot_positions": {
    "arm_base_world": [
      0.0,
      0.0,
      0.0
    ]
  },
  "object_positions": {
    "apple_world": [
      0.6059479307248762,
      0.2511418306899159,
      0.0
    ],
    "pear_world": [
      0.4196827482346619,
      0.08940986254014119,
      0.0
    ]
  },
  "relative_positions": {
    "apple_minus_arm": [
      0.6059479307248762,
      0.2511418306899159,
      0.0
    ],
    "pear_minus_arm": [
      0.4196827482346619,
      0.08940986254014119,
      0.0
    ]
  },
  "relative_position_source": "sim camera metric depth and masks, robust trimmed xy mean, support-plane z"
}