{
  "success": true,
  "target_class": "apple",
  "reference_frame": "torso_link4",
  "center_reference": [
    0.261722857,
    -0.093132936,
    -0.329372403
  ],
  "median_reference": [
    0.260764653,
    -0.092459591,
    -0.32270992
  ],
  "center_world": [
    0.569258729,
    0.200921797,
    0.81131069
  ],
  "median_world": [
    0.568409133,
    0.201604354,
    0.818070592
  ],
  "center_camera_cv": [
    0.043132935,
    0.163746104,
    0.891369693
  ],
  "bbox_xyxy": [
    320.6300048828125,
    287.11163330078125,
    351.7305908203125,
    317.69464111328125
  ]
}