{
  "success": true,
  "target_class": "apple",
  "reference_frame": "torso_link4",
  "center_reference": [
    0.209490407,
    0.094515002,
    -0.327251535
  ],
  "median_reference": [
    0.208703046,
    0.093984444,
    -0.321540709
  ],
  "center_world": [
    0.570145479,
    0.192701799,
    0.813748466
  ],
  "median_world": [
    0.569429434,
    0.192171789,
    0.819439699
  ],
  "center_camera_cv": [
    -0.144515002,
    0.212926271,
    0.873648574
  ],
  "bbox_xyxy": [
    248.13070678710938,
    306.9310302734375,
    277.4122619628906,
    338.7724609375
  ]
}