{
  "success": true,
  "target_class": "apple",
  "reference_frame": "torso_link4",
  "center_reference": [
    0.259298813,
    0.046264962,
    -0.328560525
  ],
  "median_reference": [
    0.258271427,
    0.045708825,
    -0.321627149
  ],
  "center_world": [
    0.568079207,
    0.194144335,
    0.812137298
  ],
  "median_world": [
    0.567147216,
    0.193586049,
    0.819043898
  ],
  "center_camera_cv": [
    -0.096264962,
    0.165814069,
    0.889866811
  ],
  "bbox_xyxy": [
    268.31005859375,
    287.6322937011719,
    296.51007080078125,
    318.6058044433594
  ]
}