{
  "world_axes": {
    "world_frame_source": "pointcloud_v2_original_camera_mapping"
  },
  "camera_poses": {
    "left": {
      "translation_mj": [
        6.217651495858717,
        -0.3268813148419736,
        0.0347305603389592
      ],
      "quat_wxyz": [
        0.6598597613330567,
        0.6727867566574472,
        0.23886691360340565,
        0.23427691526357786
      ],
      "rotation_matrix_mj_from_cam": [
        [
          0.7761138491203308,
          0.012233173368681377,
          0.6304741411612023
        ],
        [
          0.6305928109353583,
          -0.015055385918129605,
          -0.7759678099969739
        ],
        [
          -5.172416257248624e-07,
          0.9998118247071233,
          -0.019398844696127848
        ]
      ],
      "rotation_matrix_world_from_cam": [
        [
          0.7761138491203308,
          0.012233173368681377,
          0.6304741411612023
        ],
        [
          0.6305928109353583,
          -0.015055385918129605,
          -0.7759678099969739
        ],
        [
          -5.172416257248624e-07,
          0.9998118247071233,
          -0.019398844696127848
        ]
      ],
      "point_transform_matrix": [
        [
          0.0,
          1.0,
          0.0
        ],
        [
          0.0,
          0.0,
          1.0
        ],
        [
          -1.0,
          0.0,
          0.0
        ]
      ],
      "rotation_transform_matrix": [
        [
          0.0,
          1.0,
          0.0
        ],
        [
          0.0,
          0.0,
          1.0
        ],
        [
          -1.0,
          0.0,
          0.0
        ]
      ],
      "fixed_rotation_matrix": [
        [
          -0.21929873047955326,
          0.18282497250045143,
          0.9583752377019479
        ],
        [
          0.1308173416915654,
          0.978926462886711,
          -0.15681136238444313
        ],
        [
          -0.9668479145774729,
          0.0909835682435133,
          -0.23859400744123777
        ]
      ],
      "refinement_euler_xyz_deg": [
        0.0,
        0.0,
        0.0
      ],
      "selected_candidate": "reference_calibration"
    },
    "right": {
      "translation_mj": [
        3.6994944886011893,
        1.9135506100759159,
        0.2386118814851847
      ],
      "quat_wxyz": [
        0.48735602487465207,
        0.5123320261494273,
        0.5123320261494273,
        0.4873560248746522
      ],
      "rotation_matrix_mj_from_cam": [
        [
          1.3010426069826053e-18,
          0.04993642007350976,
          0.9987523987206448
        ],
        [
          0.9999999999999997,
          0.0,
          1.3010426069826053e-18
        ],
        [
          0.0,
          0.9987523987206446,
          -0.049936420073509485
        ]
      ],
      "rotation_matrix_world_from_cam": [
        [
          1.3010426069826053e-18,
          0.04993642007350976,
          0.9987523987206448
        ],
        [
          0.9999999999999997,
          0.0,
          1.3010426069826053e-18
        ],
        [
          0.0,
          0.9987523987206446,
          -0.049936420073509485
        ]
      ],
      "point_transform_matrix": [
        [
          0.0,
          -1.0,
          0.0
        ],
        [
          1.0,
          0.0,
          0.0
        ],
        [
          0.0,
          0.0,
          -1.0
        ]
      ],
      "rotation_transform_matrix": [
        [
          0.0,
          -1.0,
          0.0
        ],
        [
          1.0,
          0.0,
          0.0
        ],
        [
          0.0,
          0.0,
          -1.0
        ]
      ],
      "fixed_rotation_matrix": [
        [
          0.004588760252860738,
          0.9837461919269913,
          -0.17950591396520876
        ],
        [
          0.9998221745779803,
          -0.0012300469846014128,
          0.018817709918426406
        ],
        [
          0.018291049764847727,
          -0.17956034320962627,
          -0.9835769012359639
        ]
      ],
      "refinement_euler_xyz_deg": [
        0.0,
        0.0,
        0.0
      ],
      "selected_candidate": "reference_calibration"
    }
  },
  "robot_positions": {
    "arm_base_world": [
      0.0,
      0.0,
      0.0
    ]
  },
  "object_positions": {
    "apple_world": [
      3.281561636884066,
      0.8015322291975828,
      0.04269883487438949
    ],
    "pear_world": [
      2.8159978173870903,
      0.6088844738991191,
      0.020726458139513695
    ]
  },
  "relative_positions": {
    "apple_world_minus_arm": [
      3.281561636884066,
      0.8015322291975828,
      0.04269883487438949
    ],
    "pear_world_minus_arm": [
      2.8159978173870903,
      0.6088844738991191,
      0.020726458139513695
    ]
  },
  "relative_position_source": "pointcloud_v2.pos averaged left/right local centers"
}