{
  "left": {
    "fx": 772.5483399593904,
    "fy": 772.5483399593904,
    "cx": 320.0,
    "cy": 320.0,
    "width": 640,
    "height": 640
  },
  "right": {
    "fx": 772.5483399593904,
    "fy": 772.5483399593904,
    "cx": 320.0,
    "cy": 320.0,
    "width": 640,
    "height": 640
  }
}