{
  "success": true,
  "camera_name": "head_top_work_camera",
  "width": 640,
  "height": 480,
  "rgb_path": "/home/lt/malanxuan/yolo-sam-mlx/galaxea_mujoco/tmp/field_atomic_run_20260630_133813_000/head_camera_rgbd/head_top_rgb.png",
  "depth_path": "/home/lt/malanxuan/yolo-sam-mlx/galaxea_mujoco/tmp/field_atomic_run_20260630_133813_000/head_camera_rgbd/head_top_depth.npy",
  "depth_png_path": "/home/lt/malanxuan/yolo-sam-mlx/galaxea_mujoco/tmp/field_atomic_run_20260630_133813_000/head_camera_rgbd/head_top_depth_meters.png",
  "metadata_path": "/home/lt/malanxuan/yolo-sam-mlx/galaxea_mujoco/tmp/field_atomic_run_20260630_133813_000/head_camera_rgbd/head_top_metadata.json",
  "camera_position": [
    0.409972966,
    0.04807154,
    1.71134425
  ],
  "camera_xmat": [
    [
      0.000172431,
      0.955572782,
      -0.294755201
    ],
    [
      -0.999999985,
      0.000164777,
      -5.0805e-05
    ],
    [
      2.1e-08,
      0.294755206,
      0.955572796
    ]
  ],
  "intrinsics": {
    "fx": 342.75552161810754,
    "fy": 342.75552161810754,
    "cx": 319.5,
    "cy": 239.5,
    "width": 640,
    "height": 480,
    "fovy": 70.0
  },
  "depth_min": 0.18050475418567657,
  "depth_max": 2.2819926738739014,
  "depth_median": 1.1279791593551636,
  "valid_depth_count": 307200,
  "message": "RGB-D capture saved"
}