{
  "success": true,
  "target_class": "apple",
  "reference_frame": "torso_link4",
  "center_reference": [
    0.483976867,
    0.117585289,
    -0.33349802
  ],
  "median_reference": [
    0.481030615,
    0.116454206,
    -0.322394682
  ],
  "center_world": [
    0.561704755,
    0.193123396,
    0.805836285
  ],
  "median_world": [
    0.558795923,
    0.191991842,
    0.81684325
  ],
  "center_camera_cv": [
    -0.167585288,
    -0.046992496,
    0.962102346
  ],
  "bbox_xyxy": [
    246.0697479248047,
    206.8084716796875,
    272.2892150878906,
    236.79019165039062
  ]
}