{
  "success": true,
  "target_class": "apple",
  "reference_frame": "torso_link4",
  "center_reference": [
    0.506690277,
    0.139211255,
    -0.335325164
  ],
  "median_reference": [
    0.503442067,
    0.137876159,
    -0.323156469
  ],
  "center_world": [
    0.561672576,
    0.192883993,
    0.803871102
  ],
  "median_world": [
    0.558345546,
    0.191549084,
    0.815970885
  ],
  "center_camera_cv": [
    -0.189211255,
    -0.068106655,
    0.970671463
  ],
  "bbox_xyxy": [
    238.5511932373047,
    199.32225036621094,
    265.0238342285156,
    229.6570281982422
  ]
}