{
  "success": true,
  "camera_name": "head_top_work_camera",
  "width": 640,
  "height": 480,
  "rgb_path": "/home/lt/malanxuan/yolo-sam-mlx/galaxea_mujoco/tmp/field_atomic_run_20260629_142542_000/head_camera_rgbd/head_top_rgb.png",
  "depth_path": "/home/lt/malanxuan/yolo-sam-mlx/galaxea_mujoco/tmp/field_atomic_run_20260629_142542_000/head_camera_rgbd/head_top_depth.npy",
  "depth_png_path": "/home/lt/malanxuan/yolo-sam-mlx/galaxea_mujoco/tmp/field_atomic_run_20260629_142542_000/head_camera_rgbd/head_top_depth_meters.png",
  "metadata_path": "/home/lt/malanxuan/yolo-sam-mlx/galaxea_mujoco/tmp/field_atomic_run_20260629_142542_000/head_camera_rgbd/head_top_metadata.json",
  "camera_position": [
    0.156130561,
    -0.050000334,
    1.711344168
  ],
  "camera_xmat": [
    [
      -3.286e-06,
      0.955572953,
      -0.294754697
    ],
    [
      -1.0,
      -3.133e-06,
      9.88e-07
    ],
    [
      2.1e-08,
      0.294754697,
      0.955572953
    ]
  ],
  "intrinsics": {
    "fx": 342.75552161810754,
    "fy": 342.75552161810754,
    "cx": 319.5,
    "cy": 239.5,
    "width": 640,
    "height": 480,
    "fovy": 70.0
  },
  "depth_min": 0.18050481379032135,
  "depth_max": 2.281991720199585,
  "depth_median": 1.2531620264053345,
  "valid_depth_count": 307200,
  "message": "RGB-D capture saved"
}