{
  "success": true,
  "target_class": "apple",
  "reference_frame": "torso_link4",
  "center_reference": [
    0.214022121,
    -0.142115916,
    -0.329969467
  ],
  "median_reference": [
    0.213491226,
    -0.141436578,
    -0.323587604
  ],
  "center_world": [
    0.571144307,
    0.202974398,
    0.811002923
  ],
  "median_world": [
    0.57068725,
    0.203661095,
    0.817431291
  ],
  "center_camera_cv": [
    0.092115915,
    0.209420938,
    0.877602839
  ],
  "bbox_xyxy": [
    339.5079650878906,
    305.4615478515625,
    372.4170837402344,
    337.7481689453125
  ]
}