{
  "success": true,
  "target_class": "apple",
  "reference_frame": "torso_link4",
  "center_reference": [
    0.559581977,
    0.191961517,
    -0.335741487
  ],
  "median_reference": [
    0.555721203,
    0.190696308,
    -0.32395557
  ],
  "center_world": [
    0.560210406,
    0.191959837,
    0.803134298
  ],
  "median_world": [
    0.556458214,
    0.190694588,
    0.814935628
  ],
  "center_camera_cv": [
    -0.241961517,
    -0.118427887,
    0.98696498
  ],
  "bbox_xyxy": [
    221.05967712402344,
    182.08535766601562,
    247.17005920410156,
    212.17086791992188
  ]
}