{
  "success": true,
  "target_class": "apple",
  "reference_frame": "torso_link4",
  "center_reference": [
    0.46150646,
    0.097504764,
    -0.333686043
  ],
  "median_reference": [
    0.458799577,
    0.096699265,
    -0.322439387
  ],
  "center_world": [
    0.561479252,
    0.193413517,
    0.805784736
  ],
  "median_world": [
    0.558888556,
    0.192610766,
    0.816998574
  ],
  "center_camera_cv": [
    -0.147504763,
    -0.025504454,
    0.955528263
  ],
  "bbox_xyxy": [
    252.93885803222656,
    214.0516815185547,
    279.45208740234375,
    245.11878967285156
  ]
}