{
  "success": true,
  "target_class": "apple",
  "reference_frame": "torso_link4",
  "center_reference": [
    0.550666169,
    0.187392355,
    -0.337151777
  ],
  "median_reference": [
    0.546917926,
    0.185921742,
    -0.325505334
  ],
  "center_world": [
    0.560752264,
    0.192201024,
    0.803488073
  ],
  "median_world": [
    0.557047928,
    0.190733397,
    0.815164986
  ],
  "center_camera_cv": [
    -0.237392356,
    -0.109500426,
    0.98563045
  ],
  "bbox_xyxy": [
    222.92184448242188,
    185.2418212890625,
    248.54867553710938,
    215.03591918945312
  ]
}