{
  "success": true,
  "target_class": "apple",
  "reference_frame": "torso_link4",
  "center_reference": [
    0.550567522,
    0.187536652,
    -0.336876319
  ],
  "median_reference": [
    0.546890401,
    0.186145062,
    -0.325395553
  ],
  "center_world": [
    0.560654444,
    0.19234512,
    0.803764763
  ],
  "median_world": [
    0.557000898,
    0.190956556,
    0.815184314
  ],
  "center_camera_cv": [
    -0.237536651,
    -0.109489127,
    0.985338079
  ],
  "bbox_xyxy": [
    222.90325927734375,
    185.2408905029297,
    248.50497436523438,
    214.9540557861328
  ]
}