{
  "success": true,
  "target_class": "apple",
  "reference_frame": "torso_link4",
  "center_reference": [
    0.559566417,
    0.191924493,
    -0.335816055
  ],
  "median_reference": [
    0.555585679,
    0.190674147,
    -0.323965934
  ],
  "center_world": [
    0.560194394,
    0.191922813,
    0.803059826
  ],
  "median_world": [
    0.556324561,
    0.190672432,
    0.814934343
  ],
  "center_camera_cv": [
    -0.241924493,
    -0.118390636,
    0.987031425
  ],
  "bbox_xyxy": [
    221.0599822998047,
    182.08474731445312,
    247.1690216064453,
    212.17633056640625
  ]
}