{
  "success": true,
  "camera_name": "head_top_work_camera",
  "width": 640,
  "height": 480,
  "rgb_path": "/home/lt/malanxuan/yolo-sam-mlx/galaxea_mujoco/tmp/field_atomic_run_20260630_181745_000/head_camera_rgbd/head_top_rgb.png",
  "depth_path": "/home/lt/malanxuan/yolo-sam-mlx/galaxea_mujoco/tmp/field_atomic_run_20260630_181745_000/head_camera_rgbd/head_top_depth.npy",
  "depth_png_path": "/home/lt/malanxuan/yolo-sam-mlx/galaxea_mujoco/tmp/field_atomic_run_20260630_181745_000/head_camera_rgbd/head_top_depth_meters.png",
  "metadata_path": "/home/lt/malanxuan/yolo-sam-mlx/galaxea_mujoco/tmp/field_atomic_run_20260630_181745_000/head_camera_rgbd/head_top_metadata.json",
  "camera_position": [
    0.55725706,
    0.330471048,
    1.711344197
  ],
  "camera_xmat": [
    [
      0.000541172,
      0.955572757,
      -0.294754835
    ],
    [
      -0.999999854,
      0.000517135,
      -0.000159493
    ],
    [
      2e-08,
      0.294754878,
      0.955572897
    ]
  ],
  "intrinsics": {
    "fx": 342.75552161810754,
    "fy": 342.75552161810754,
    "cx": 319.5,
    "cy": 239.5,
    "width": 640,
    "height": 480,
    "fovy": 70.0
  },
  "depth_min": 0.18050482869148254,
  "depth_max": 2.2819902896881104,
  "depth_median": 1.0873825550079346,
  "valid_depth_count": 307200,
  "message": "RGB-D capture saved"
}