{
  "success": true,
  "target_class": "apple",
  "reference_frame": "torso_link4",
  "center_reference": [
    0.362566364,
    0.000668688,
    -0.330841533
  ],
  "median_reference": [
    0.360464267,
    -0.000360785,
    -0.322064693
  ],
  "center_world": [
    0.565583267,
    0.197145881,
    0.809229643
  ],
  "median_world": [
    0.563586092,
    0.1961113,
    0.81800429
  ],
  "center_camera_cv": [
    -0.050668688,
    0.068006437,
    0.923079114
  ],
  "bbox_xyxy": [
    287.3017272949219,
    249.13270568847656,
    314.6144104003906,
    279.0400390625
  ]
}