{
  "timestamp_utc": "2026-03-01T03:33:30.038775Z",
  "transform_right_to_left": [
    [
      0.6429587715099456,
      0.1566302154588371,
      0.7497139378452353,
      -1.2382756021427639
    ],
    [
      -0.2281537342796397,
      0.9735943753482525,
      -0.00773741723212712,
      0.1124578480538955
    ],
    [
      -0.7311291862373982,
      -0.1660751881638335,
      0.6617168166474587,
      0.08498370173982081
    ],
    [
      0.0,
      0.0,
      0.0,
      1.0
    ]
  ],
  "rotation_right_to_left": [
    [
      0.6429587715099456,
      0.1566302154588371,
      0.7497139378452353
    ],
    [
      -0.2281537342796397,
      0.9735943753482525,
      -0.00773741723212712
    ],
    [
      -0.7311291862373982,
      -0.1660751881638335,
      0.6617168166474587
    ]
  ],
  "translation_right_to_left_m": [
    -1.2382756021427639,
    0.1124578480538955,
    0.08498370173982081
  ],
  "meta": {
    "calibration_source": "inputs/双ob(1)/双ob/标定.pdf",
    "selected_initial": "assume_pdf_is_left_to_right",
    "candidate_metrics": {
      "assume_pdf_is_left_to_right": {
        "mean_m": 0.6342500400926322,
        "median_m": 0.4367942738834456,
        "p90_m": 2.110693853339892,
        "overlap_5mm": 0.06756248041675401,
        "overlap_10mm": 0.1277177037052065,
        "overlap_20mm": 0.20044001722198554
      },
      "assume_pdf_is_right_to_left": {
        "mean_m": 1.1532397730990045,
        "median_m": 0.9904012644890092,
        "p90_m": 2.8284863672498854,
        "overlap_5mm": 0.0006121727143284692,
        "overlap_10mm": 0.001303701150884703,
        "overlap_20mm": 0.002983775155763946
      }
    },
    "refine_stats": {
      "mode": "init_plus_icp",
      "fitness": 0.1934260836037657,
      "rmse": 0.0227141530449824
    },
    "depth_scale": 1000.0,
    "depth_trunc_m": 5.0
  }
}