{
  "success": true,
  "camera_name": "head_top_work_camera",
  "width": 640,
  "height": 480,
  "rgb_path": "/home/lt/malanxuan/yolo-sam-mlx/galaxea_mujoco/tmp/field_atomic_run_20260630_132246_000/head_camera_rgbd/head_top_rgb.png",
  "depth_path": "/home/lt/malanxuan/yolo-sam-mlx/galaxea_mujoco/tmp/field_atomic_run_20260630_132246_000/head_camera_rgbd/head_top_depth.npy",
  "depth_png_path": "/home/lt/malanxuan/yolo-sam-mlx/galaxea_mujoco/tmp/field_atomic_run_20260630_132246_000/head_camera_rgbd/head_top_depth_meters.png",
  "metadata_path": "/home/lt/malanxuan/yolo-sam-mlx/galaxea_mujoco/tmp/field_atomic_run_20260630_132246_000/head_camera_rgbd/head_top_metadata.json",
  "camera_position": [
    0.358343278,
    0.048320763,
    1.711344226
  ],
  "camera_xmat": [
    [
      0.000118845,
      0.955572835,
      -0.294755056
    ],
    [
      -0.999999993,
      0.000113571,
      -3.501e-05
    ],
    [
      2.1e-08,
      0.294755058,
      0.955572842
    ]
  ],
  "intrinsics": {
    "fx": 342.75552161810754,
    "fy": 342.75552161810754,
    "cx": 319.5,
    "cy": 239.5,
    "width": 640,
    "height": 480,
    "fovy": 70.0
  },
  "depth_min": 0.18050479888916016,
  "depth_max": 2.2819929122924805,
  "depth_median": 1.1523973941802979,
  "valid_depth_count": 307200,
  "message": "RGB-D capture saved"
}