{
  "success": true,
  "camera_name": "head_top_work_camera",
  "width": 640,
  "height": 480,
  "rgb_path": "/home/lt/malanxuan/yolo-sam-mlx/galaxea_mujoco/tmp/field_atomic_run_20260630_182922_000/head_camera_rgbd/head_top_rgb.png",
  "depth_path": "/home/lt/malanxuan/yolo-sam-mlx/galaxea_mujoco/tmp/field_atomic_run_20260630_182922_000/head_camera_rgbd/head_top_depth.npy",
  "depth_png_path": "/home/lt/malanxuan/yolo-sam-mlx/galaxea_mujoco/tmp/field_atomic_run_20260630_182922_000/head_camera_rgbd/head_top_depth_meters.png",
  "metadata_path": "/home/lt/malanxuan/yolo-sam-mlx/galaxea_mujoco/tmp/field_atomic_run_20260630_182922_000/head_camera_rgbd/head_top_metadata.json",
  "camera_position": [
    0.210480202,
    0.003676983,
    1.711344038
  ],
  "camera_xmat": [
    [
      -1.2035e-05,
      0.955573198,
      -0.294753903
    ],
    [
      -1.0,
      -1.1494e-05,
      3.567e-06
    ],
    [
      2.1e-08,
      0.294753903,
      0.955573198
    ]
  ],
  "intrinsics": {
    "fx": 342.75552161810754,
    "fy": 342.75552161810754,
    "cx": 319.5,
    "cy": 239.5,
    "width": 640,
    "height": 480,
    "fovy": 70.0
  },
  "depth_min": 0.180504709482193,
  "depth_max": 2.281989336013794,
  "depth_median": 1.2243376970291138,
  "valid_depth_count": 307200,
  "message": "RGB-D capture saved"
}