{
  "success": true,
  "camera_name": "head_top_work_camera",
  "width": 640,
  "height": 480,
  "rgb_path": "/home/lt/malanxuan/yolo-sam-mlx/galaxea_mujoco/tmp/field_atomic_run_20260630_132720_000/head_camera_rgbd/head_top_rgb.png",
  "depth_path": "/home/lt/malanxuan/yolo-sam-mlx/galaxea_mujoco/tmp/field_atomic_run_20260630_132720_000/head_camera_rgbd/head_top_depth.npy",
  "depth_png_path": "/home/lt/malanxuan/yolo-sam-mlx/galaxea_mujoco/tmp/field_atomic_run_20260630_132720_000/head_camera_rgbd/head_top_depth_meters.png",
  "metadata_path": "/home/lt/malanxuan/yolo-sam-mlx/galaxea_mujoco/tmp/field_atomic_run_20260630_132720_000/head_camera_rgbd/head_top_metadata.json",
  "camera_position": [
    0.464263041,
    0.097847325,
    1.711344326
  ],
  "camera_xmat": [
    [
      0.00030883,
      0.955572607,
      -0.294755658
    ],
    [
      -0.999999952,
      0.000295116,
      -9.101e-05
    ],
    [
      2.1e-08,
      0.294755672,
      0.955572652
    ]
  ],
  "intrinsics": {
    "fx": 342.75552161810754,
    "fy": 342.75552161810754,
    "cx": 319.5,
    "cy": 239.5,
    "width": 640,
    "height": 480,
    "fovy": 70.0
  },
  "depth_min": 0.180504709482193,
  "depth_max": 2.281993865966797,
  "depth_median": 1.1023955345153809,
  "valid_depth_count": 307200,
  "message": "RGB-D capture saved"
}