{
  "success": true,
  "target_class": "apple",
  "reference_frame": "torso_link4",
  "center_reference": [
    0.311569725,
    0.094510437,
    -0.332265845
  ],
  "median_reference": [
    0.309872623,
    0.094072431,
    -0.322319928
  ],
  "center_world": [
    0.566040977,
    0.192608872,
    0.808114804
  ],
  "median_world": [
    0.564427941,
    0.19217185,
    0.818061475
  ],
  "center_camera_cv": [
    -0.144510438,
    0.117073421,
    0.909110689
  ],
  "bbox_xyxy": [
    250.3390655517578,
    267.5028991699219,
    278.36376953125,
    298.6503601074219
  ]
}