{
  "success": true,
  "target_class": "apple",
  "reference_frame": "torso_link4",
  "center_reference": [
    0.361346986,
    0.09439961,
    -0.332474039
  ],
  "median_reference": [
    0.359245675,
    0.093908932,
    -0.321937372
  ],
  "center_world": [
    0.564193988,
    0.19274482,
    0.807604572
  ],
  "median_world": [
    0.562173092,
    0.192255533,
    0.818088993
  ],
  "center_camera_cv": [
    -0.144399611,
    0.069660085,
    0.924269663
  ],
  "bbox_xyxy": [
    251.67556762695312,
    249.11575317382812,
    278.8697204589844,
    278.8986511230469
  ]
}