{
  "success": true,
  "target_class": "apple",
  "reference_frame": "torso_link4",
  "center_reference": [
    0.36266815,
    0.000623477,
    -0.330489993
  ],
  "median_reference": [
    0.360542411,
    -0.000360918,
    -0.322053137
  ],
  "center_world": [
    0.565541662,
    0.197146235,
    0.809580559
  ],
  "median_world": [
    0.563517864,
    0.19615727,
    0.818062645
  ],
  "center_camera_cv": [
    -0.050623477,
    0.067803702,
    0.922774419
  ],
  "bbox_xyxy": [
    287.14642333984375,
    249.1117706298828,
    314.601318359375,
    279.08038330078125
  ]
}